INSERT INTO HISTORICALSITES VALUES(1, 'Statue of Libery', 'Empire State Building', '9/11 Memorial');
INSERT INTO HISTORICALSITES VALUES(2, 'Colosseum', 'Pantheon', 'Forum');
INSERT INTO HISTORICALSITES VALUES(3, 'Imperial Palace', 'Senso-ji Temple', 'Meiji Shrine');
INSERT INTO HISTORICALSITES VALUES(4, 'Griffith Observatory', 'Hollywood Walk of Fame', 'Venice Beach Boardwalk');
INSERT INTO HISTORICALSITES VALUES(5, 'Eiffel Tower', 'Arc de Triomphe', 'Louvre');
INSERT INTO HISTORICALSITES VALUES(6, 'Buckingham Palace', 'Tower of London', 'Big Ben');
INSERT INTO HISTORICALSITES VALUES(7, 'Brandenburg Gate', 'Reichstag Building', 'Holocaust Memorial');
INSERT INTO HISTORICALSITES VALUES(8, 'Millennium Park', 'Navy Pier', 'Art Institute of Chicago');
INSERT INTO HISTORICALSITES VALUES(9, 'Vieux-Montreal', 'Notre-Dame Basilica', 'Mont-Royal');
INSERT INTO HISTORICALSITES VALUES(10, 'Federation Square', 'Shrine of Remembrance', 'Queen Victoria Market');
INSERT INTO HISTORICALSITES VALUES(11, 'Odysea Aquarium', 'Sonoran Desert', 'Museum of Contemporary Art');
INSERT INTO HISTORICALSITES VALUES(12, 'Chamberlin Observatory', 'Denver Botanic Gardens', 'Colorado Symphony');
INSERT INTO HISTORICALSITES VALUES(13, 'Museo De Oro', 'Ruinas de Ujarras', 'Iglesia de la Merced');
INSERT INTO HISTORICALSITES VALUES(14, 'Grand Palace', 'Giant Swing', 'Terminal 21');
INSERT INTO HISTORICALSITES VALUES(15, 'The Bund', 'Shanghai Museum', 'Zhujiajiao');
INSERT INTO HISTORICALSITES VALUES(16, 'Seoul City Wall', 'Gyeongbokgung Palace', 'Changdeokgung Palace');
INSERT INTO HISTORICALSITES VALUES(17, 'Ibirapuera Park', 'Contemporary Art Museum', 'Se Cathedral');
INSERT INTO HISTORICALSITES VALUES(18, 'Buccaneer Cove', 'Post office Bay', 'The Wall of Tears');
INSERT INTO HISTORICALSITES VALUES(19, 'Arch of Santa Catalina', 'La Merced Church', 'Plaza Central Park');
INSERT INTO HISTORICALSITES VALUES(20, 'Panama Canal', 'Bahai Temple', 'Independence Square');

INSERT INTO CULTURE VALUES(1, 'English', 'American', 1);
INSERT INTO CULTURE VALUES(2, 'Italian', 'Italian', 2);
INSERT INTO CULTURE VALUES(3, 'Japanese', 'Japanese', 3);
INSERT INTO CULTURE VALUES(4, 'English', 'American', 4);
INSERT INTO CULTURE VALUES(5, 'French', 'French', 5);
INSERT INTO CULTURE VALUES(6, 'English', 'British', 6);
INSERT INTO CULTURE VALUES(7, 'German', 'German', 7);
INSERT INTO CULTURE VALUES(8, 'English', 'American', 8);
INSERT INTO CULTURE VALUES(9, 'French/English', 'Quebec', 9);
INSERT INTO CULTURE VALUES(10, 'English', 'Australian', 10);
INSERT INTO CULTURE VALUES(11, 'English', 'American', 11);
INSERT INTO CULTURE VALUES(12, 'English', 'American', 12);
INSERT INTO CULTURE VALUES(13, 'Spanish', 'Costa Rican', 13);
INSERT INTO CULTURE VALUES(14, 'Thai', 'Thai', 14);
INSERT INTO CULTURE VALUES(15, 'Chinese', 'Chinese', 15);
INSERT INTO CULTURE VALUES(16, 'Korean', 'Korean', 16);
INSERT INTO CULTURE VALUES(17, 'Portuguese', 'Brazilian', 17);
INSERT INTO CULTURE VALUES(18, 'Spanish', 'Ecuadorian', 18);
INSERT INTO CULTURE VALUES(19, 'Spanish', 'Guatemalan', 19);
INSERT INTO CULTURE VALUES(20, 'Spanish', 'Panamanian', 20);

INSERT INTO BESTMONTHS VALUES(1, 'May', 'June', 'September');
INSERT INTO BESTMONTHS VALUES(2, 'April', 'May', 'June');
INSERT INTO BESTMONTHS VALUES(3, 'March', 'April', 'October');
INSERT INTO BESTMONTHS VALUES(4, 'March', 'April', 'May');
INSERT INTO BESTMONTHS VALUES(5, 'April', 'May', 'June');
INSERT INTO BESTMONTHS VALUES(6, 'May', 'June', 'July');
INSERT INTO BESTMONTHS VALUES(7, 'February', 'June', 'September');
INSERT INTO BESTMONTHS VALUES(8, 'May', 'June', 'July');
INSERT INTO BESTMONTHS VALUES(9, 'June', 'July', 'August');
INSERT INTO BESTMONTHS VALUES(10, 'January', 'February', 'March');
INSERT INTO BESTMONTHS VALUES(11, 'September', 'October', 'November');
INSERT INTO BESTMONTHS VALUES(12, 'April', 'May', 'September');
INSERT INTO BESTMONTHS VALUES(13, 'February', 'April', 'December');
INSERT INTO BESTMONTHS VALUES(14, 'March', 'November', 'December');
INSERT INTO BESTMONTHS VALUES(15, 'October', 'November', 'December');
INSERT INTO BESTMONTHS VALUES(16, 'March', 'May', 'September');
INSERT INTO BESTMONTHS VALUES(17, 'March', 'May', 'October');
INSERT INTO BESTMONTHS VALUES(18, 'June', 'July', 'November');
INSERT INTO BESTMONTHS VALUES(19, 'April', 'October', 'November');
INSERT INTO BESTMONTHS VALUES(20, 'May', 'July', 'October');

INSERT INTO CLIMATE VALUES(1, 1, 34, 52, 74, 58);
INSERT INTO CLIMATE VALUES(2, 2, 46, 56, 73, 61);
INSERT INTO CLIMATE VALUES(3, 3, 43, 56, 75, 64);
INSERT INTO CLIMATE VALUES(4, 4, 58, 63, 72, 68);
INSERT INTO CLIMATE VALUES(5, 5, 40, 53, 66, 54);
INSERT INTO CLIMATE VALUES(6, 6, 41, 47, 57, 57);
INSERT INTO CLIMATE VALUES(7, 7, 34, 48, 65, 49);
INSERT INTO CLIMATE VALUES(8, 8, 27, 47, 71, 53);
INSERT INTO CLIMATE VALUES(9, 9, 17, 30, 68, 35);
INSERT INTO CLIMATE VALUES(10, 10, 52, 60, 70, 61);
INSERT INTO CLIMATE VALUES(11, 11, 66, 83, 99, 87);
INSERT INTO CLIMATE VALUES(12, 12, 40, 60, 85, 75);
INSERT INTO CLIMATE VALUES(13, 13, 74, 77, 76, 75);
INSERT INTO CLIMATE VALUES(14, 14, 88, 94, 90, 89);
INSERT INTO CLIMATE VALUES(15, 15, 50, 65, 88, 72);
INSERT INTO CLIMATE VALUES(16, 16, 38, 50, 70, 45);
INSERT INTO CLIMATE VALUES(17, 17, 70, 71, 65, 69);
INSERT INTO CLIMATE VALUES(18, 18, 80, 82, 73, 70);
INSERT INTO CLIMATE VALUES(19, 19, 65, 72, 60, 63);
INSERT INTO CLIMATE VALUES(20, 20, 60, 71, 85, 69);

INSERT INTO CITY VALUES('New York City', 1, 1, 'USA', 1676);
INSERT INTO CITY VALUES('Rome', 2, 2, 'Italy', 1121);
INSERT INTO CITY VALUES('Tokyo', 3, 3, 'Japan', 1610);
INSERT INTO CITY VALUES('Los Angeles', 4, 4, 'USA', 1328);
INSERT INTO CITY VALUES('Paris', 5, 5, 'France', 1250);
INSERT INTO CITY VALUES('London', 6, 6, 'UK', 1250);
INSERT INTO CITY VALUES('Berlin', 7, 7, 'Germany', 800);
INSERT INTO CITY VALUES('Chicago', 8, 8, 'USA', 1260);
INSERT INTO CITY VALUES('Montreal', 9, 9, 'Canada', 1190);
INSERT INTO CITY VALUES('Melbourne', 10, 10, 'Australia', 960);
INSERT INTO CITY VALUES('Scottsdale', 11, 11, 'USA', 1607);
INSERT INTO CITY VALUES('Denver', 12, 12, 'USA', 2358);
INSERT INTO CITY VALUES('San Jose', 13, 13, 'Costa Rica', 850);
INSERT INTO CITY VALUES('Bangkok', 14, 14, 'Thailand', 920);
INSERT INTO CITY VALUES('Shanghai', 15, 15, 'China', 2400);
INSERT INTO CITY VALUES('Seoul', 16, 16, 'South Korea', 1942);
INSERT INTO CITY VALUES('Sao Paulo', 17, 17, 'Brazil', 617);
INSERT INTO CITY VALUES('Galapagos Islands', 18, 18, 'Ecuador', 1548);
INSERT INTO CITY VALUES('Antigua', 19, 19, 'Guatemala', 1645);
INSERT INTO CITY VALUES('Panama City', 20, 20, 'Panama', 958);

INSERT INTO CLIENT VALUES('Mark Smith', 'N');
INSERT INTO CLIENT VALUES('James Lee', 'Y');
INSERT INTO CLIENT VALUES('Tom S', 'N');
INSERT INTO CLIENT VALUES('Kim W', 'Y');
INSERT INTO CLIENT VALUES('Justin Park', 'N');
INSERT INTO CLIENT VALUES('Liam Do', 'Y');
INSERT INTO CLIENT VALUES('Julio Hertenez', 'N');
INSERT INTO CLIENT VALUES('Lisa Majors', 'Y');
INSERT INTO CLIENT VALUES('Leo Zhang', 'N');
INSERT INTO CLIENT VALUES('Randy Diep', 'Y');
INSERT INTO CLIENT VALUES('Bernard Convento', 'N');

INSERT INTO REVIEW VALUES('New York City', 'Mark Smith', 9);
INSERT INTO REVIEW VALUES('Los Angeles', 'James Lee', 8);
INSERT INTO REVIEW VALUES('London', 'Tom S', 9);
INSERT INTO REVIEW VALUES('Berlin', 'Kim W', 9);
INSERT INTO REVIEW VALUES('Scottsdale', 'Justin Park', 8);
INSERT INTO REVIEW VALUES('Denver', 'Liam Do', 7);
INSERT INTO REVIEW VALUES('San Jose', 'Julio Hertenez', 7);
INSERT INTO REVIEW VALUES('Bangkok', 'Lisa Majors', 9);
INSERT INTO REVIEW VALUES('Shanghai', 'Leo Zhang', 8);
INSERT INTO REVIEW VALUES('Galapagos Islands', 'Randy Diep', 9);
INSERT INTO REVIEW VALUES('Panama City', 'Bernard Convento', 7);

INSERT INTO ACTIVITIES VALUES(1, 'Times Sqaure', 'Broadway', 'Harlem');
INSERT INTO ACTIVITIES VALUES(2, 'River cruise', '100 stops', 'none');
INSERT INTO ACTIVITIES VALUES(3, 'Yuyuan Garden', 'Disneyland Park', 'Nanjing Road');
INSERT INTO ACTIVITIES VALUES(4, 'Insadong', 'Line Friends', 'Jinhae Cherry Blossom');

INSERT INTO TOUR VALUES('Ultimate NYC Tour', '2020-03-01', '2020-03-07', 100, 1);
INSERT INTO TOUR VALUES('London Hop-On Hop-Off Tour', '2020-03-11', '2020-03-18', 125, 2);
INSERT INTO TOUR VALUES('Shanghai Tour', '2020-04-12', '2020-04-18', 155, 3);
INSERT INTO TOUR VALUES('Seoul Tour', '2020-05-01', '2020-05-07', 138, 4);

INSERT INTO CITYTOURPACKAGE VALUES('New York City', 'Ultimate NYC Tour');
INSERT INTO CITYTOURPACKAGE VALUES('London', 'London Hop-On Hop-Off Tour');
INSERT INTO CITYTOURPACKAGE VALUES('Shanghai', 'Shanghai Tour');
INSERT INTO CITYTOURPACKAGE VALUES('Seoul', 'Seoul Tour');
